ISO,ISO3,ISO_Code,FIPS,Display_Name,Official_Name,Capital,Continent,CurrencyCode,CurrencyName,Phone,Region Code,Region Name,Sub-region Code,Sub-region Name,Intermediate Region Code,Intermediate Region Name,Status,Developed or Developing,Small Island Developing States (SIDS),Land Locked Developing Countries (LLDC),Least Developed Countries (LDC),Area_SqKm,Population
AF,AFG,4,AF,Afghanistan,Afghanistan,Kabul,Asia,AFN,Afghani,93,142,Asia,34.0,Southern Asia,N/A,N/A,Independent,Developing,N/A,TRUE,TRUE,647500,29121286
AX,ALA,248,N/A,Aland Islands,Εland Islands,Mariehamn,Europe,EUR,Euro,340,150,Europe,154.0,Northern Europe,N/A,N/A,Part of FI,Developed,N/A,N/A,N/A,1580,26711
AL,ALB,8,AL,Albania,Albania,Tirana,Europe,ALL,Lek,355,150,Europe,39.0,Southern Europe,N/A,N/A,Independent,Developed,N/A,N/A,N/A,28748,2986952
DZ,DZA,12,AG,Algeria,Algeria,Algiers,Africa,DZD,Dinar,213,2,Africa,15.0,Northern Africa,N/A,N/A,Independent,Developing,N/A,N/A,N/A,2381740,34586184
AS,ASM,16,AQ,American Samoa,American Samoa,Pago Pago,Oceania,USD,Dollar,-683,9,Oceania,61.0,Polynesia,N/A,N/A,Territory of US,Developing,TRUE,N/A,N/A,199,57881
AD,AND,20,AN,Andorra,Andorra,Andorra la Vella,Europe,EUR,Euro,376,150,Europe,39.0,Southern Europe,N/A,N/A,Independent,Developed,N/A,N/A,N/A,468,84000
AO,AGO,24,AO,Angola,Angola,Luanda,Africa,AOA,Kwanza,244,2,Africa,202.0,Sub-Saharan Africa,17,Middle Africa,Independent,Developing,N/A,N/A,TRUE,1246700,13068161
AI,AIA,660,AV,Anguilla,Anguilla,The Valley,North America,XCD,Dollar,-263,19,Americas,419.0,Latin America and the Caribbean,29,Caribbean,Territory of GB,Developing,TRUE,N/A,N/A,102,13254
AQ,ATA,10,AY,Antarctica,Antarctica,N/A,Antarctica,N/A,N/A,N/A,N/A,N/A,N/A,N/A,N/A,N/A,International,N/A,N/A,N/A,N/A,14000000,0
AG,ATG,28,AC,Antigua and Barbuda,Antigua and Barbuda,St. John's,North America,XCD,Dollar,-267,19,Americas,419.0,Latin America and the Caribbean,29,Caribbean,Independent,Developing,TRUE,N/A,N/A,443,86754
AR,ARG,32,AR,Argentina,Argentina,Buenos Aires,South America,ARS,Peso,54,19,Americas,419.0,Latin America and the Caribbean,5,South America,Independent,Developing,N/A,N/A,N/A,2766890,41343201
AM,ARM,51,AM,Armenia,Armenia,Yerevan,Asia,AMD,Dram,374,142,Asia,145.0,Western Asia,N/A,N/A,Independent,Developing,N/A,TRUE,N/A,29800,2968000
AW,ABW,533,AA,Aruba,Aruba,Oranjestad,North America,AWG,Guilder,297,19,Americas,419.0,Latin America and the Caribbean,29,Caribbean,Part of NL,Developing,TRUE,N/A,N/A,193,71566
AU,AUS,36,AS,Australia,Australia,Canberra,Oceania,AUD,Dollar,61,9,Oceania,53.0,Australia and New Zealand,N/A,N/A,Independent,Developed,N/A,N/A,N/A,7686850,21515754
AT,AUT,40,AU,Austria,Austria,Vienna,Europe,EUR,Euro,43,150,Europe,155.0,Western Europe,N/A,N/A,Independent,Developed,N/A,N/A,N/A,83858,8205000
AZ,AZE,31,AJ,Azerbaijan,Azerbaijan,Baku,Asia,AZN,Manat,994,142,Asia,145.0,Western Asia,N/A,N/A,Independent,Developing,N/A,TRUE,N/A,86600,8303512
BS,BHS,44,BF,Bahamas,Bahamas,Nassau,North America,BSD,Dollar,-241,19,Americas,419.0,Latin America and the Caribbean,29,Caribbean,Independent,Developing,TRUE,N/A,N/A,13940,301790
BH,BHR,48,BA,Bahrain,Bahrain,Manama,Asia,BHD,Dinar,973,142,Asia,145.0,Western Asia,N/A,N/A,Independent,Developing,N/A,N/A,N/A,665,738004
BD,BGD,50,BG,Bangladesh,Bangladesh,Dhaka,Asia,BDT,Taka,880,142,Asia,34.0,Southern Asia,N/A,N/A,Independent,Developing,N/A,N/A,TRUE,144000,156118464
BB,BRB,52,BB,Barbados,Barbados,Bridgetown,North America,BBD,Dollar,-245,19,Americas,419.0,Latin America and the Caribbean,29,Caribbean,Independent,Developing,TRUE,N/A,N/A,431,285653
BY,BLR,112,BO,Belarus,Belarus,Minsk,Europe,BYN,Belarusian ruble,375,150,Europe,151.0,Eastern Europe,N/A,N/A,Independent,Developed,N/A,N/A,N/A,207600,9685000
BE,BEL,56,BE,Belgium,Belgium,Brussels,Europe,EUR,Euro,32,150,Europe,155.0,Western Europe,N/A,N/A,Independent,Developed,N/A,N/A,N/A,30510,10403000
BZ,BLZ,84,BH,Belize,Belize,Belmopan,North America,BZD,Dollar,501,19,Americas,419.0,Latin America and the Caribbean,13,Central America,Independent,Developing,TRUE,N/A,N/A,22966,314522
BJ,BEN,204,BN,Benin,Benin,Porto-Novo,Africa,XOF,Franc,229,2,Africa,202.0,Sub-Saharan Africa,11,Western Africa,Independent,Developing,N/A,N/A,TRUE,112620,9056010
BM,BMU,60,BD,Bermuda,Bermuda,Hamilton,North America,BMD,Dollar,-440,19,Americas,21.0,Northern America,N/A,N/A,Territory of GB,Developed,N/A,N/A,N/A,53,65365
BT,BTN,64,BT,Bhutan,Bhutan,Thimphu,Asia,BTN,Ngultrum,975,142,Asia,34.0,Southern Asia,N/A,N/A,Independent,Developing,N/A,TRUE,TRUE,47000,699847
BO,BOL,68,BL,Bolivia,Bolivia (Plurinational State of),Sucre,South America,BOB,Boliviano,591,19,Americas,419.0,Latin America and the Caribbean,5,South America,Independent,Developing,N/A,TRUE,N/A,1098580,9947418
BQ,BES,535,N/A,"Bonaire, Saint Eustatius and Saba ","Bonaire, Sint Eustatius and Saba",N/A,North America,USD,Dollar,599,19,Americas,419.0,Latin America and the Caribbean,29,Caribbean,Part of NL,Developing,TRUE,N/A,N/A,328,18012
BA,BIH,70,BK,Bosnia and Herzegovina,Bosnia and Herzegovina,Sarajevo,Europe,BAM,Marka,387,150,Europe,39.0,Southern Europe,N/A,N/A,Independent,Developed,N/A,N/A,N/A,51129,4590000
BW,BWA,72,BC,Botswana,Botswana,Gaborone,Africa,BWP,Pula,267,2,Africa,202.0,Sub-Saharan Africa,18,Southern Africa,Independent,Developing,N/A,TRUE,N/A,600370,2029307
BV,BVT,74,BV,Bouvet Island,Bouvet Island,N/A,Antarctica,NOK,Krone,N/A,19,Americas,419.0,Latin America and the Caribbean,5,South America,Territory of NO,Developing,N/A,N/A,N/A,49,0
BR,BRA,76,BR,Brazil,Brazil,Brasilia,South America,BRL,Real,55,19,Americas,419.0,Latin America and the Caribbean,5,South America,Independent,Developing,N/A,N/A,N/A,8511965,201103330
IO,IOT,86,IO,British Indian Ocean Territory,British Indian Ocean Territory,Diego Garcia,Asia,USD,Dollar,246,2,Africa,202.0,Sub-Saharan Africa,14,Eastern Africa,Territory of GB,Developing,N/A,N/A,N/A,60,4000
VG,VGB,92,VI,British Virgin Islands,British Virgin Islands,Road Town,North America,USD,Dollar,-283,19,Americas,419.0,Latin America and the Caribbean,29,Caribbean,Territory of GB,Developing,TRUE,N/A,N/A,153,21730
BN,BRN,96,BX,Brunei,Brunei Darussalam,Bandar Seri Begawan,Asia,BND,Dollar,673,142,Asia,35.0,South-eastern Asia,N/A,N/A,Independent,Developing,N/A,N/A,N/A,5770,395027
BG,BGR,100,BU,Bulgaria,Bulgaria,Sofia,Europe,BGN,Lev,359,150,Europe,151.0,Eastern Europe,N/A,N/A,Independent,Developed,N/A,N/A,N/A,110910,7148785
BF,BFA,854,UV,Burkina Faso,Burkina Faso,Ouagadougou,Africa,XOF,Franc,226,2,Africa,202.0,Sub-Saharan Africa,11,Western Africa,Independent,Developing,N/A,TRUE,TRUE,274200,16241811
BI,BDI,108,BY,Burundi,Burundi,Bujumbura,Africa,BIF,Franc,257,2,Africa,202.0,Sub-Saharan Africa,14,Eastern Africa,Independent,Developing,N/A,TRUE,TRUE,27830,9863117
KH,KHM,116,CB,Cambodia,Cambodia,Phnom Penh,Asia,KHR,Riels,855,142,Asia,35.0,South-eastern Asia,N/A,N/A,Independent,Developing,N/A,N/A,TRUE,181040,14453680
CM,CMR,120,CM,Cameroon,Cameroon,Yaounde,Africa,XAF,Franc,237,2,Africa,202.0,Sub-Saharan Africa,17,Middle Africa,Independent,Developing,N/A,N/A,N/A,475440,19294149
CA,CAN,124,CA,Canada,Canada,Ottawa,North America,CAD,Dollar,1,19,Americas,21.0,Northern America,N/A,N/A,Independent,Developed,N/A,N/A,N/A,9984670,33679000
CV,CPV,132,CV,Cape Verde,Cabo Verde,Praia,Africa,CVE,Escudo,238,2,Africa,202.0,Sub-Saharan Africa,11,Western Africa,Independent,Developing,TRUE,N/A,N/A,4033,508659
KY,CYM,136,CJ,Cayman Islands,Cayman Islands,George Town,North America,KYD,Dollar,-344,19,Americas,419.0,Latin America and the Caribbean,29,Caribbean,Territory of GB,Developing,N/A,N/A,N/A,262,44270
CF,CAF,140,CT,Central African Republic,Central African Republic,Bangui,Africa,XAF,Franc,236,2,Africa,202.0,Sub-Saharan Africa,17,Middle Africa,Independent,Developing,N/A,TRUE,TRUE,622984,4844927
TD,TCD,148,CD,Chad,Chad,N'Djamena,Africa,XAF,Franc,235,2,Africa,202.0,Sub-Saharan Africa,17,Middle Africa,Independent,Developing,N/A,TRUE,TRUE,1284000,10543464
CL,CHL,152,CI,Chile,Chile,Santiago,South America,CLP,Peso,56,19,Americas,419.0,Latin America and the Caribbean,5,South America,Independent,Developing,N/A,N/A,N/A,756950,16746491
CN,CHN,156,CH,China,China,Beijing,Asia,CNY,Yuan Renminbi,86,142,Asia,30.0,Eastern Asia,N/A,N/A,Independent,Developing,N/A,N/A,N/A,9596960,1330044000
CX,CXR,162,KT,Christmas Island,Christmas Island,Flying Fish Cove,Oceania,AUD,Dollar,61,9,Oceania,53.0,Australia and New Zealand,N/A,N/A,Territory of AU,Developed,N/A,N/A,N/A,135,1500
CC,CCK,166,CK,Cocos Islands,Cocos (Keeling) Islands,West Island,Asia,AUD,Dollar,61,9,Oceania,53.0,Australia and New Zealand,N/A,N/A,Territory of AU,Developed,N/A,N/A,N/A,14,628
CO,COL,170,CO,Colombia,Colombia,Bogota,South America,COP,Peso,57,19,Americas,419.0,Latin America and the Caribbean,5,South America,Independent,Developing,N/A,N/A,N/A,1138910,47790000
KM,COM,174,CN,Comoros,Comoros,Moroni,Africa,KMF,Franc,269,2,Africa,202.0,Sub-Saharan Africa,14,Eastern Africa,Independent,Developing,TRUE,N/A,TRUE,2170,773407
CK,COK,184,CW,Cook Islands,Cook Islands,Avarua,Oceania,NZD,Dollar,682,9,Oceania,61.0,Polynesia,N/A,N/A,Associated with NZ,Developing,TRUE,N/A,N/A,240,21388
CR,CRI,188,CS,Costa Rica,Costa Rica,San Jose,North America,CRC,Colon,506,19,Americas,419.0,Latin America and the Caribbean,13,Central America,Independent,Developing,N/A,N/A,N/A,51100,4516220
HR,HRV,191,HR,Croatia,Croatia,Zagreb,Europe,HRK,Kuna,385,150,Europe,39.0,Southern Europe,N/A,N/A,Independent,Developed,N/A,N/A,N/A,56542,4284889
CU,CUB,192,CU,Cuba,Cuba,Havana,North America,CUP,Peso,53,19,Americas,419.0,Latin America and the Caribbean,29,Caribbean,Independent,Developing,TRUE,N/A,N/A,110860,11423000
CW,CUW,531,UC,Curacao,Curacao, Willemstad,North America,ANG,Guilder,599,19,Americas,419.0,Latin America and the Caribbean,29,Caribbean,Part of NL,Developing,TRUE,N/A,N/A,444,141766
CY,CYP,196,CY,Cyprus,Cyprus,Nicosia,Europe,EUR,Euro,357,142,Asia,145.0,Western Asia,N/A,N/A,Independent,Developed,N/A,N/A,N/A,9250,1102677
CZ,CZE,203,EZ,Czechia,Czechia,Prague,Europe,CZK,Koruna,420,150,Europe,151.0,Eastern Europe,N/A,N/A,Independent,Developed,N/A,N/A,N/A,78866,10476000
CD,COD,180,CG,Democratic Republic of the Congo,Democratic Republic of the Congo,Kinshasa,Africa,CDF,Franc,243,2,Africa,202.0,Sub-Saharan Africa,17,Middle Africa,Independent,Developing,N/A,N/A,TRUE,2345410,70916439
DK,DNK,208,DA,Denmark,Denmark,Copenhagen,Europe,DKK,Krone,45,150,Europe,154.0,Northern Europe,N/A,N/A,Independent,Developed,N/A,N/A,N/A,43094,5484000
DJ,DJI,262,DJ,Djibouti,Djibouti,Djibouti,Africa,DJF,Franc,253,2,Africa,202.0,Sub-Saharan Africa,14,Eastern Africa,Independent,Developing,N/A,N/A,TRUE,23000,740528
DM,DMA,212,DO,Dominica,Dominica,Roseau,North America,XCD,Dollar,-766,19,Americas,419.0,Latin America and the Caribbean,29,Caribbean,Independent,Developing,TRUE,N/A,N/A,754,72813
DO,DOM,214,DR,Dominican Republic,Dominican Republic,Santo Domingo,North America,DOP,Peso,+1-809 and 1-829,19,Americas,419.0,Latin America and the Caribbean,29,Caribbean,Independent,Developing,TRUE,N/A,N/A,48730,9823821
EC,ECU,218,EC,Ecuador,Ecuador,Quito,South America,USD,Dollar,593,19,Americas,419.0,Latin America and the Caribbean,5,South America,Independent,Developing,N/A,N/A,N/A,283560,14790608
EG,EGY,818,EG,Egypt,Egypt,Cairo,Africa,EGP,Pound,20,2,Africa,15.0,Northern Africa,N/A,N/A,Independent,Developing,N/A,N/A,N/A,1001450,80471869
SV,SLV,222,ES,El Salvador,El Salvador,San Salvador,North America,USD,Dollar,503,19,Americas,419.0,Latin America and the Caribbean,13,Central America,Independent,Developing,N/A,N/A,N/A,21040,6052064
GQ,GNQ,226,EK,Equatorial Guinea,Equatorial Guinea,Malabo,Africa,XAF,Franc,240,2,Africa,202.0,Sub-Saharan Africa,17,Middle Africa,Independent,Developing,N/A,N/A,N/A,28051,1014999
ER,ERI,232,ER,Eritrea,Eritrea,Asmara,Africa,ERN,Nakfa,291,2,Africa,202.0,Sub-Saharan Africa,14,Eastern Africa,Independent,Developing,N/A,N/A,TRUE,121320,5792984
EE,EST,233,EN,Estonia,Estonia,Tallinn,Europe,EUR,Euro,372,150,Europe,154.0,Northern Europe,N/A,N/A,Independent,Developed,N/A,N/A,N/A,45226,1291170
ET,ETH,231,ET,Ethiopia,Ethiopia,Addis Ababa,Africa,ETB,Birr,251,2,Africa,202.0,Sub-Saharan Africa,14,Eastern Africa,Independent,Developing,N/A,TRUE,TRUE,1127127,88013491
FK,FLK,238,FK,Falkland Islands,Falkland Islands (Malvinas),Stanley,South America,FKP,Pound,500,19,Americas,419.0,Latin America and the Caribbean,5,South America,Territory of GB,Developing,N/A,N/A,N/A,12173,2638
FO,FRO,234,FO,Faroe Islands,Faroe Islands,Torshavn,Europe,DKK,Krone,298,150,Europe,154.0,Northern Europe,N/A,N/A,Part of DK,Developed,N/A,N/A,N/A,1399,48228
FJ,FJI,242,FJ,Fiji,Fiji,Suva,Oceania,FJD,Dollar,679,9,Oceania,54.0,Melanesia,N/A,N/A,Independent,Developing,TRUE,N/A,N/A,18270,875983
FI,FIN,246,FI,Finland,Finland,Helsinki,Europe,EUR,Euro,358,150,Europe,154.0,Northern Europe,N/A,N/A,Independent,Developed,N/A,N/A,N/A,337030,5244000
FR,FRA,250,FR,France,France,Paris,Europe,EUR,Euro,33,150,Europe,155.0,Western Europe,N/A,N/A,Independent,Developed,N/A,N/A,N/A,547030,64768389
GF,GUF,254,FG,French Guiana,French Guiana,Cayenne,South America,EUR,Euro,594,19,Americas,419.0,Latin America and the Caribbean,5,South America,Part of FR,Developing,N/A,N/A,N/A,91000,195506
PF,PYF,258,FP,French Polynesia,French Polynesia,Papeete,Oceania,XPF,Franc,689,9,Oceania,61.0,Polynesia,N/A,N/A,Territory of FR,Developing,TRUE,N/A,N/A,4167,270485
TF,ATF,260,FS,French Southern Territories,French Southern Territories,Port-aux-Francais,Antarctica,EUR,Euro  ,N/A,2,Africa,202.0,Sub-Saharan Africa,14,Eastern Africa,Territory of FR,Developing,N/A,N/A,N/A,7829,140
GA,GAB,266,GB,Gabon,Gabon,Libreville,Africa,XAF,Franc,241,2,Africa,202.0,Sub-Saharan Africa,17,Middle Africa,Independent,Developing,N/A,N/A,N/A,267667,1545255
GM,GMB,270,GA,Gambia,Gambia,Banjul,Africa,GMD,Dalasi,220,2,Africa,202.0,Sub-Saharan Africa,11,Western Africa,Independent,Developing,N/A,N/A,TRUE,11300,1593256
GE,GEO,268,GG,Georgia,Georgia,Tbilisi,Asia,GEL,Lari,995,142,Asia,145.0,Western Asia,N/A,N/A,Independent,Developing,N/A,N/A,N/A,69700,4630000
DE,DEU,276,GM,Germany,Germany,Berlin,Europe,EUR,Euro,49,150,Europe,155.0,Western Europe,N/A,N/A,Independent,Developed,N/A,N/A,N/A,357021,81802257
GH,GHA,288,GH,Ghana,Ghana,Accra,Africa,GHS,Cedi,233,2,Africa,202.0,Sub-Saharan Africa,11,Western Africa,Independent,Developing,N/A,N/A,N/A,239460,24339838
GI,GIB,292,GI,Gibraltar,Gibraltar,Gibraltar,Europe,GIP,Pound,350,150,Europe,39.0,Southern Europe,N/A,N/A,Territory of GB,Developed,N/A,N/A,N/A,6,27884
GR,GRC,300,GR,Greece,Greece,Athens,Europe,EUR,Euro,30,150,Europe,39.0,Southern Europe,N/A,N/A,Independent,Developed,N/A,N/A,N/A,131940,11000000
GL,GRL,304,GL,Greenland,Greenland,Nuuk,North America,DKK,Krone,299,19,Americas,21.0,Northern America,N/A,N/A,Part of DK,Developed,N/A,N/A,N/A,2166086,56375
GD,GRD,308,GJ,Grenada,Grenada,St. George's,North America,XCD,Dollar,-472,19,Americas,419.0,Latin America and the Caribbean,29,Caribbean,Independent,Developing,TRUE,N/A,N/A,344,107818
GP,GLP,312,GP,Guadeloupe,Guadeloupe,Basse-Terre,North America,EUR,Euro,590,19,Americas,419.0,Latin America and the Caribbean,29,Caribbean,Part of FR,Developing,N/A,N/A,N/A,1780,443000
GU,GUM,316,GQ,Guam,Guam,Hagatna,Oceania,USD,Dollar,-670,9,Oceania,57.0,Micronesia,N/A,N/A,Territory of US,Developing,TRUE,N/A,N/A,549,159358
GT,GTM,320,GT,Guatemala,Guatemala,Guatemala City,North America,GTQ,Quetzal,502,19,Americas,419.0,Latin America and the Caribbean,13,Central America,Independent,Developing,N/A,N/A,N/A,108890,13550440
GG,GGY,831,GK,Guernsey,Guernsey,St Peter Port,Europe,GBP,Pound,-1437,150,Europe,154.0,Northern Europe,830,Channel Islands,Crown dependency of GB,Developed,N/A,N/A,N/A,78,65228
GN,GIN,324,GV,Guinea,Guinea,Conakry,Africa,GNF,Franc,224,2,Africa,202.0,Sub-Saharan Africa,11,Western Africa,Independent,Developing,N/A,N/A,TRUE,245857,10324025
GW,GNB,624,PU,Guinea-Bissau,Guinea-Bissau,Bissau,Africa,XOF,Franc,245,2,Africa,202.0,Sub-Saharan Africa,11,Western Africa,Independent,Developing,TRUE,N/A,TRUE,36120,1565126
GY,GUY,328,GY,Guyana,Guyana,Georgetown,South America,GYD,Dollar,592,19,Americas,419.0,Latin America and the Caribbean,5,South America,Independent,Developing,TRUE,N/A,N/A,214970,748486
HT,HTI,332,HA,Haiti,Haiti,Port-au-Prince,North America,HTG,Gourde,509,19,Americas,419.0,Latin America and the Caribbean,29,Caribbean,Independent,Developing,TRUE,N/A,TRUE,27750,9648924
HM,HMD,334,HM,Heard Island and McDonald Islands,Heard Island and McDonald Islands,N/A,Antarctica,AUD,Dollar, ,9,Oceania,53.0,Australia and New Zealand,N/A,N/A,Territory of AU,Developed,N/A,N/A,N/A,412,0
HN,HND,340,HO,Honduras,Honduras,Tegucigalpa,North America,HNL,Lempira,504,19,Americas,419.0,Latin America and the Caribbean,13,Central America,Independent,Developing,N/A,N/A,N/A,112090,7989415
HK,HKG,344,HK,Hong Kong,"China, Hong Kong Special Administrative Region",Hong Kong,Asia,HKD,Dollar,852,142,Asia,30.0,Eastern Asia,N/A,N/A,Part of CN,Developing,N/A,N/A,N/A,1092,6898686
HU,HUN,348,HU,Hungary,Hungary,Budapest,Europe,HUF,Forint,36,150,Europe,151.0,Eastern Europe,N/A,N/A,Independent,Developed,N/A,N/A,N/A,93030,9982000
IS,ISL,352,IC,Iceland,Iceland,Reykjavik,Europe,ISK,Krona,354,150,Europe,154.0,Northern Europe,N/A,N/A,Independent,Developed,N/A,N/A,N/A,103000,308910
IN,IND,356,IN,India,India,New Delhi,Asia,INR,Rupee,91,142,Asia,34.0,Southern Asia,N/A,N/A,Independent,Developing,N/A,N/A,N/A,3287590,1173108018
ID,IDN,360,ID,Indonesia,Indonesia,Jakarta,Asia,IDR,Rupiah,62,142,Asia,35.0,South-eastern Asia,N/A,N/A,Independent,Developing,N/A,N/A,N/A,1919440,242968342
IR,IRN,364,IR,Iran,Iran (Islamic Republic of),Tehran,Asia,IRR,Rial,98,142,Asia,34.0,Southern Asia,N/A,N/A,Independent,Developing,N/A,N/A,N/A,1648000,76923300
IQ,IRQ,368,IZ,Iraq,Iraq,Baghdad,Asia,IQD,Dinar,964,142,Asia,145.0,Western Asia,N/A,N/A,Independent,Developing,N/A,N/A,N/A,437072,29671605
IE,IRL,372,EI,Ireland,Ireland,Dublin,Europe,EUR,Euro,353,150,Europe,154.0,Northern Europe,N/A,N/A,Independent,Developed,N/A,N/A,N/A,70280,4622917
IM,IMN,833,IM,Isle of Man,Isle of Man,Douglas,Europe,GBP,Pound,-1580,150,Europe,154.0,Northern Europe,N/A,N/A,Crown dependency of GB,Developed,N/A,N/A,N/A,572,75049
IL,ISR,376,IS,Israel,Israel,Jerusalem,Asia,ILS,Shekel,972,142,Asia,145.0,Western Asia,N/A,N/A,Independent,Developed,N/A,N/A,N/A,20770,7353985
IT,ITA,380,IT,Italy,Italy,Rome,Europe,EUR,Euro,39,150,Europe,39.0,Southern Europe,N/A,N/A,Independent,Developed,N/A,N/A,N/A,301230,60340328
CI,CIV,384,IV,Ivory Coast,Cotte d'Ivoire,Yamoussoukro,Africa,XOF,Franc,225,2,Africa,202.0,Sub-Saharan Africa,11,Western Africa,Independent,Developing,N/A,N/A,N/A,322460,21058798
JM,JAM,388,JM,Jamaica,Jamaica,Kingston,North America,JMD,Dollar,-875,19,Americas,419.0,Latin America and the Caribbean,29,Caribbean,Independent,Developing,TRUE,N/A,N/A,10991,2847232
JP,JPN,392,JA,Japan,Japan,Tokyo,Asia,JPY,Yen,81,142,Asia,30.0,Eastern Asia,N/A,N/A,Independent,Developed,N/A,N/A,N/A,377835,127288000
JE,JEY,832,JE,Jersey,Jersey,Saint Helier,Europe,GBP,Pound,-1490,150,Europe,154.0,Northern Europe,830,Channel Islands,Crown dependency of GB,Developed,N/A,N/A,N/A,116,90812
JO,JOR,400,JO,Jordan,Jordan,Amman,Asia,JOD,Dinar,962,142,Asia,145.0,Western Asia,N/A,N/A,Independent,Developing,N/A,N/A,N/A,92300,6407085
KZ,KAZ,398,KZ,Kazakhstan,Kazakhstan,Astana,Asia,KZT,Tenge,7,142,Asia,143.0,Central Asia,N/A,N/A,Independent,Developing,N/A,TRUE,N/A,2717300,15340000
KE,KEN,404,KE,Kenya,Kenya,Nairobi,Africa,KES,Shilling,254,2,Africa,202.0,Sub-Saharan Africa,14,Eastern Africa,Independent,Developing,N/A,N/A,N/A,582650,40046566
KI,KIR,296,KR,Kiribati,Kiribati,Tarawa,Oceania,AUD,Dollar,686,9,Oceania,57.0,Micronesia,N/A,N/A,Independent,Developing,TRUE,N/A,TRUE,811,92533
XK,XKX,0,KV,Kosovo,N/A,Pristina,Europe,EUR,Euro,N/A,150,Europe,39.0,Southern Europe,N/A,N/A,N/A,N/A,N/A,N/A,N/A,10908,1800000
KW,KWT,414,KU,Kuwait,Kuwait,Kuwait City,Asia,KWD,Dinar,965,142,Asia,145.0,Western Asia,N/A,N/A,Independent,Developing,N/A,N/A,N/A,17820,2789132
KG,KGZ,417,KG,Kyrgyzstan,Kyrgyzstan,Bishkek,Asia,KGS,Som,996,142,Asia,143.0,Central Asia,N/A,N/A,Independent,Developing,N/A,TRUE,N/A,198500,5776500
LA,LAO,418,LA,Laos,Lao People's Democratic Republic,Vientiane,Asia,LAK,Kip,856,142,Asia,35.0,South-eastern Asia,N/A,N/A,Independent,Developing,N/A,TRUE,TRUE,236800,6368162
LV,LVA,428,LG,Latvia,Latvia,Riga,Europe,EUR,Euro,371,150,Europe,154.0,Northern Europe,N/A,N/A,Independent,Developed,N/A,N/A,N/A,64589,2217969
LB,LBN,422,LE,Lebanon,Lebanon,Beirut,Asia,LBP,Pound,961,142,Asia,145.0,Western Asia,N/A,N/A,Independent,Developing,N/A,N/A,N/A,10400,4125247
LS,LSO,426,LT,Lesotho,Lesotho,Maseru,Africa,LSL,Loti,266,2,Africa,202.0,Sub-Saharan Africa,18,Southern Africa,Independent,Developing,N/A,TRUE,TRUE,30355,1919552
LR,LBR,430,LI,Liberia,Liberia,Monrovia,Africa,LRD,Dollar,231,2,Africa,202.0,Sub-Saharan Africa,11,Western Africa,Independent,Developing,N/A,N/A,TRUE,111370,3685076
LY,LBY,434,LY,Libya,Libya,Tripoli,Africa,LYD,Dinar,218,2,Africa,15.0,Northern Africa,N/A,N/A,Independent,Developing,N/A,N/A,N/A,1759540,6461454
LI,LIE,438,LS,Liechtenstein,Liechtenstein,Vaduz,Europe,CHF,Franc,423,150,Europe,155.0,Western Europe,N/A,N/A,Independent,Developed,N/A,N/A,N/A,160,35000
LT,LTU,440,LH,Lithuania,Lithuania,Vilnius,Europe,EUR,Euro,370,150,Europe,154.0,Northern Europe,N/A,N/A,Independent,Developed,N/A,N/A,N/A,65200,2944459
LU,LUX,442,LU,Luxembourg,Luxembourg,Luxembourg,Europe,EUR,Euro,352,150,Europe,155.0,Western Europe,N/A,N/A,Independent,Developed,N/A,N/A,N/A,2586,497538
MO,MAC,446,MC,Macao,"China, Macao Special Administrative Region",Macao,Asia,MOP,Pataca,853,142,Asia,30.0,Eastern Asia,N/A,N/A,Part of CN,Developing,N/A,N/A,N/A,254,449198
MK,MKD,807,MK,Macedonia,The former Yugoslav Republic of Macedonia,Skopje,Europe,MKD,Denar,389,150,Europe,39.0,Southern Europe,N/A,N/A,Independent,Developed,N/A,TRUE,N/A,25333,2062294
MG,MDG,450,MA,Madagascar,Madagascar,Antananarivo,Africa,MGA,Ariary,261,2,Africa,202.0,Sub-Saharan Africa,14,Eastern Africa,Independent,Developing,N/A,N/A,TRUE,587040,21281844
MW,MWI,454,MI,Malawi,Malawi,Lilongwe,Africa,MWK,Kwacha,265,2,Africa,202.0,Sub-Saharan Africa,14,Eastern Africa,Independent,Developing,N/A,TRUE,TRUE,118480,15447500
MY,MYS,458,MY,Malaysia,Malaysia,Kuala Lumpur,Asia,MYR,Ringgit,60,142,Asia,35.0,South-eastern Asia,N/A,N/A,Independent,Developing,N/A,N/A,N/A,329750,28274729
MV,MDV,462,MV,Maldives,Maldives,Male,Asia,MVR,Rufiyaa,960,142,Asia,34.0,Southern Asia,N/A,N/A,Independent,Developing,TRUE,N/A,N/A,300,395650
ML,MLI,466,ML,Mali,Mali,Bamako,Africa,XOF,Franc,223,2,Africa,202.0,Sub-Saharan Africa,11,Western Africa,Independent,Developing,N/A,TRUE,TRUE,1240000,13796354
MT,MLT,470,MT,Malta,Malta,Valletta,Europe,EUR,Euro,356,150,Europe,39.0,Southern Europe,N/A,N/A,Independent,Developed,N/A,N/A,N/A,316,403000
MH,MHL,584,RM,Marshall Islands,Marshall Islands,Majuro,Oceania,USD,Dollar,692,9,Oceania,57.0,Micronesia,N/A,N/A,Independent,Developing,TRUE,N/A,N/A,181,65859
MQ,MTQ,474,MB,Martinique,Martinique,Fort-de-France,North America,EUR,Euro,596,19,Americas,419.0,Latin America and the Caribbean,29,Caribbean,Part of FR,Developing,N/A,N/A,N/A,1100,432900
MR,MRT,478,MR,Mauritania,Mauritania,Nouakchott,Africa,MRO,Ouguiya,222,2,Africa,202.0,Sub-Saharan Africa,11,Western Africa,Independent,Developing,N/A,N/A,TRUE,1030700,3205060
MU,MUS,480,MP,Mauritius,Mauritius,Port Louis,Africa,MUR,Rupee,230,2,Africa,202.0,Sub-Saharan Africa,14,Eastern Africa,Independent,Developing,TRUE,N/A,N/A,2040,1294104
YT,MYT,175,MF,Mayotte,Mayotte,Mamoudzou,Africa,EUR,Euro,262,2,Africa,202.0,Sub-Saharan Africa,14,Eastern Africa,Part of FR,Developing,N/A,N/A,N/A,374,159042
MX,MEX,484,MX,Mexico,Mexico,Mexico City,North America,MXN,Peso,52,19,Americas,419.0,Latin America and the Caribbean,13,Central America,Independent,Developing,N/A,N/A,N/A,1972550,112468855
FM,FSM,583,FM,Micronesia,Micronesia (Federated States of),Palikir,Oceania,USD,Dollar,691,9,Oceania,57.0,Micronesia,N/A,N/A,Independent,Developing,TRUE,N/A,N/A,702,107708
MD,MDA,498,MD,Moldova,Republic of Moldova,Chisinau,Europe,MDL,Leu,373,150,Europe,151.0,Eastern Europe,N/A,N/A,Independent,Developed,N/A,TRUE,N/A,33843,4324000
MC,MCO,492,MN,Monaco,Monaco,Monaco,Europe,EUR,Euro,377,150,Europe,155.0,Western Europe,N/A,N/A,Independent,Developed,N/A,N/A,N/A,1,32965
MN,MNG,496,MG,Mongolia,Mongolia,Ulan Bator,Asia,MNT,Tugrik,976,142,Asia,30.0,Eastern Asia,N/A,N/A,Independent,Developing,N/A,TRUE,N/A,1565000,3086918
ME,MNE,499,MJ,Montenegro,Montenegro,Podgorica,Europe,EUR,Euro,382,150,Europe,39.0,Southern Europe,N/A,N/A,Independent,Developed,N/A,N/A,N/A,14026,666730
MS,MSR,500,MH,Montserrat,Montserrat,Plymouth,North America,XCD,Dollar,-663,19,Americas,419.0,Latin America and the Caribbean,29,Caribbean,Territory of GB,Developing,TRUE,N/A,N/A,102,9341
MA,MAR,504,MO,Morocco,Morocco,Rabat,Africa,MAD,Dirham,212,2,Africa,15.0,Northern Africa,N/A,N/A,Independent,Developing,N/A,N/A,N/A,446550,33848242
MZ,MOZ,508,MZ,Mozambique,Mozambique,Maputo,Africa,MZN,Metical,258,2,Africa,202.0,Sub-Saharan Africa,14,Eastern Africa,Independent,Developing,N/A,N/A,TRUE,801590,22061451
MM,MMR,104,BM,Myanmar,Myanmar,Nay Pyi Taw,Asia,MMK,Kyat,95,142,Asia,35.0,South-eastern Asia,N/A,N/A,Independent,Developing,N/A,N/A,TRUE,678500,53414374
N/A,NAM,516,WA,Namibia,Namibia,Windhoek,Africa,NAD,Dollar,264,2,Africa,202.0,Sub-Saharan Africa,18,Southern Africa,Independent,Developing,N/A,N/A,N/A,825418,2128471
NR,NRU,520,NR,Nauru,Nauru,Yaren,Oceania,AUD,Dollar,674,9,Oceania,57.0,Micronesia,N/A,N/A,Independent,Developing,TRUE,N/A,N/A,21,10065
NP,NPL,524,NP,Nepal,Nepal,Kathmandu,Asia,NPR,Rupee,977,142,Asia,34.0,Southern Asia,N/A,N/A,Independent,Developing,N/A,TRUE,TRUE,140800,28951852
NL,NLD,528,NL,Netherlands,Netherlands,Amsterdam,Europe,EUR,Euro,31,150,Europe,155.0,Western Europe,N/A,N/A,Independent,Developed,N/A,N/A,N/A,41526,16645000
AN,ANT,530,NT,Netherlands Antilles,N/A,Willemstad,North America,ANG,Guilder,599,N/A,N/A,N/A,N/A,N/A,N/A,N/A,N/A,N/A,N/A,N/A,960,300000
NC,NCL,540,NC,New Caledonia,New Caledonia,Noumea,Oceania,XPF,Franc,687,9,Oceania,54.0,Melanesia,N/A,N/A,Territory of FR,Developing,TRUE,N/A,N/A,19060,216494
NZ,NZL,554,NZ,New Zealand,New Zealand,Wellington,Oceania,NZD,Dollar,64,9,Oceania,53.0,Australia and New Zealand,N/A,N/A,Independent,Developed,N/A,N/A,N/A,268680,4252277
NI,NIC,558,NU,Nicaragua,Nicaragua,Managua,North America,NIO,Cordoba,505,19,Americas,419.0,Latin America and the Caribbean,13,Central America,Independent,Developing,N/A,N/A,N/A,129494,5995928
NE,NER,562,NG,Niger,Niger,Niamey,Africa,XOF,Franc,227,2,Africa,202.0,Sub-Saharan Africa,11,Western Africa,Independent,Developing,N/A,TRUE,TRUE,1267000,15878271
NG,NGA,566,NI,Nigeria,Nigeria,Abuja,Africa,NGN,Naira,234,2,Africa,202.0,Sub-Saharan Africa,11,Western Africa,Independent,Developing,N/A,N/A,N/A,923768,154000000
NU,NIU,570,NE,Niue,Niue,Alofi,Oceania,NZD,Dollar,683,9,Oceania,61.0,Polynesia,N/A,N/A,Associated with NZ,Developing,TRUE,N/A,N/A,260,2166
NF,NFK,574,NF,Norfolk Island,Norfolk Island,Kingston,Oceania,AUD,Dollar,672,9,Oceania,53.0,Australia and New Zealand,N/A,N/A,Territory of AU,Developed,N/A,N/A,N/A,34,1828
KP,PRK,408,KN,North Korea,Democratic People's Republic of Korea,Pyongyang,Asia,KPW,Won,850,142,Asia,30.0,Eastern Asia,N/A,N/A,Independent,Developing,N/A,N/A,N/A,120540,22912177
MP,MNP,580,CQ,Northern Mariana Islands,Northern Mariana Islands,Saipan,Oceania,USD,Dollar,-669,9,Oceania,57.0,Micronesia,N/A,N/A,Commonwealth of US,Developing,TRUE,N/A,N/A,477,53883
NO,NOR,578,NO,Norway,Norway,Oslo,Europe,NOK,Krone,47,150,Europe,154.0,Northern Europe,N/A,N/A,Independent,Developed,N/A,N/A,N/A,324220,5009150
OM,OMN,512,MU,Oman,Oman,Muscat,Asia,OMR,Rial,968,142,Asia,145.0,Western Asia,N/A,N/A,Independent,Developing,N/A,N/A,N/A,212460,2967717
PK,PAK,586,PK,Pakistan,Pakistan,Islamabad,Asia,PKR,Rupee,92,142,Asia,34.0,Southern Asia,N/A,N/A,Independent,Developing,N/A,N/A,N/A,803940,184404791
PW,PLW,585,PS,Palau,Palau,Melekeok,Oceania,USD,Dollar,680,9,Oceania,57.0,Micronesia,N/A,N/A,Independent,Developing,TRUE,N/A,N/A,458,19907
PS,PSE,275,WE,Palestinian Territory,State of Palestine,East Jerusalem,Asia,ILS,Shekel,970,142,Asia,145.0,Western Asia,N/A,N/A,In contention,Developing,N/A,N/A,N/A,5970,3800000
PA,PAN,591,PM,Panama,Panama,Panama City,North America,PAB,Balboa,507,19,Americas,419.0,Latin America and the Caribbean,13,Central America,Independent,Developing,N/A,N/A,N/A,78200,3410676
PG,PNG,598,PP,Papua New Guinea,Papua New Guinea,Port Moresby,Oceania,PGK,Kina,675,9,Oceania,54.0,Melanesia,N/A,N/A,Independent,Developing,TRUE,N/A,N/A,462840,6064515
PY,PRY,600,PA,Paraguay,Paraguay,Asuncion,South America,PYG,Guarani,595,19,Americas,419.0,Latin America and the Caribbean,5,South America,Independent,Developing,N/A,TRUE,N/A,406750,6375830
PE,PER,604,PE,Peru,Peru,Lima,South America,PEN,Sol,51,19,Americas,419.0,Latin America and the Caribbean,5,South America,Independent,Developing,N/A,N/A,N/A,1285220,29907003
PH,PHL,608,RP,Philippines,Philippines,Manila,Asia,PHP,Peso,63,142,Asia,35.0,South-eastern Asia,N/A,N/A,Independent,Developing,N/A,N/A,N/A,300000,99900177
PN,PCN,612,PC,Pitcairn,Pitcairn,Adamstown,Oceania,NZD,Dollar,870,9,Oceania,61.0,Polynesia,N/A,N/A,Territory of GB,Developing,N/A,N/A,N/A,47,46
PL,POL,616,PL,Poland,Poland,Warsaw,Europe,PLN,Zloty,48,150,Europe,151.0,Eastern Europe,N/A,N/A,Independent,Developed,N/A,N/A,N/A,312685,38500000
PT,PRT,620,PO,Portugal,Portugal,Lisbon,Europe,EUR,Euro,351,150,Europe,39.0,Southern Europe,N/A,N/A,Independent,Developed,N/A,N/A,N/A,92391,10676000
PR,PRI,630,RQ,Puerto Rico,Puerto Rico,San Juan,North America,USD,Dollar,+1-787 and 1-939,19,Americas,419.0,Latin America and the Caribbean,29,Caribbean,Commonwealth of US,Developing,TRUE,N/A,N/A,9104,3916632
QA,QAT,634,QA,Qatar,Qatar,Doha,Asia,QAR,Rial,974,142,Asia,145.0,Western Asia,N/A,N/A,Independent,Developing,N/A,N/A,N/A,11437,840926
CG,COG,178,CF,Republic of the Congo,Congo,Brazzaville,Africa,XAF,Franc,242,2,Africa,202.0,Sub-Saharan Africa,17,Middle Africa,Independent,Developing,N/A,N/A,N/A,342000,3039126
RE,REU,638,RE,Reunion,Reunion,Saint-Denis,Africa,EUR,Euro,262,2,Africa,202.0,Sub-Saharan Africa,14,Eastern Africa,Part of FR,Developing,N/A,N/A,N/A,2517,776948
RO,ROU,642,RO,Romania,Romania,Bucharest,Europe,RON,Leu,40,150,Europe,151.0,Eastern Europe,N/A,N/A,Independent,Developed,N/A,N/A,N/A,237500,21959278
RU,RUS,643,RS,Russia,Russian Federation,Moscow,Europe,RUB,Ruble,7,150,Europe,151.0,Eastern Europe,N/A,N/A,Independent,Developed,N/A,N/A,N/A,17100000,140702000
RW,RWA,646,RW,Rwanda,Rwanda,Kigali,Africa,RWF,Franc,250,2,Africa,202.0,Sub-Saharan Africa,14,Eastern Africa,Independent,Developing,N/A,TRUE,TRUE,26338,11055976
BL,BLM,652,TB,Saint Barthelemy,Saint Barthιlemy,Gustavia,North America,EUR,Euro,590,19,Americas,419.0,Latin America and the Caribbean,29,Caribbean,Part of FR,Developing,N/A,N/A,N/A,21,8450
SH,SHN,654,SH,Saint Helena,Saint Helena,Jamestown,Africa,SHP,Pound,290,2,Africa,202.0,Sub-Saharan Africa,11,Western Africa,Territory of GB,Developing,N/A,N/A,N/A,410,7460
KN,KNA,659,SC,Saint Kitts and Nevis,Saint Kitts and Nevis,Basseterre,North America,XCD,Dollar,-868,19,Americas,419.0,Latin America and the Caribbean,29,Caribbean,Independent,Developing,TRUE,N/A,N/A,261,51134
LC,LCA,662,ST,Saint Lucia,Saint Lucia,Castries,North America,XCD,Dollar,-757,19,Americas,419.0,Latin America and the Caribbean,29,Caribbean,Independent,Developing,TRUE,N/A,N/A,616,160922
MF,MAF,663,RN,Saint Martin,Saint Martin (French Part),Marigot,North America,EUR,Euro,590,19,Americas,419.0,Latin America and the Caribbean,29,Caribbean,Part of FR,Developing,N/A,N/A,N/A,53,35925
PM,SPM,666,SB,Saint Pierre and Miquelon,Saint Pierre and Miquelon,Saint-Pierre,North America,EUR,Euro,508,19,Americas,21.0,Northern America,N/A,N/A,Part of FR,Developed,N/A,N/A,N/A,242,7012
VC,VCT,670,VC,Saint Vincent and the Grenadines,Saint Vincent and the Grenadines,Kingstown,North America,XCD,Dollar,-783,19,Americas,419.0,Latin America and the Caribbean,29,Caribbean,Independent,Developing,TRUE,N/A,N/A,389,104217
WS,WSM,882,WS,Samoa,Samoa,Apia,Oceania,WST,Tala,685,9,Oceania,61.0,Polynesia,N/A,N/A,Independent,Developing,TRUE,N/A,N/A,2944,192001
SM,SMR,674,SM,San Marino,San Marino,San Marino,Europe,EUR,Euro,378,150,Europe,39.0,Southern Europe,N/A,N/A,Independent,Developed,N/A,N/A,N/A,61,31477
ST,STP,678,TP,Sao Tome and Principe,Sao Tome and Principe,Sao Tome,Africa,STD,Dobra,239,2,Africa,202.0,Sub-Saharan Africa,17,Middle Africa,Independent,Developing,TRUE,N/A,TRUE,1001,175808
SA,SAU,682,SA,Saudi Arabia,Saudi Arabia,Riyadh,Asia,SAR,Rial,966,142,Asia,145.0,Western Asia,N/A,N/A,Independent,Developing,N/A,N/A,N/A,1960582,25731776
SN,SEN,686,SG,Senegal,Senegal,Dakar,Africa,XOF,Franc,221,2,Africa,202.0,Sub-Saharan Africa,11,Western Africa,Independent,Developing,N/A,N/A,TRUE,196190,12323252
RS,SRB,688,RI,Serbia,Serbia,Belgrade,Europe,RSD,Dinar,381,150,Europe,39.0,Southern Europe,N/A,N/A,Independent,Developed,N/A,N/A,N/A,88361,7344847
CS,SCG,891,YI,Serbia and Montenegro,N/A,Belgrade,Europe,RSD,Dinar,381,N/A,N/A,N/A,N/A,N/A,N/A,N/A,N/A,N/A,N/A,N/A,102350,10829175
SC,SYC,690,SE,Seychelles,Seychelles,Victoria,Africa,SCR,Rupee,248,2,Africa,202.0,Sub-Saharan Africa,14,Eastern Africa,Independent,Developing,TRUE,N/A,N/A,455,88340
SL,SLE,694,SL,Sierra Leone,Sierra Leone,Freetown,Africa,SLL,Leone,232,2,Africa,202.0,Sub-Saharan Africa,11,Western Africa,Independent,Developing,N/A,N/A,TRUE,71740,5245695
SG,SGP,702,SN,Singapore,Singapore,Singapore,Asia,SGD,Dollar,65,142,Asia,35.0,South-eastern Asia,N/A,N/A,Independent,Developing,TRUE,N/A,N/A,692,4701069
SX,SXM,534,NN,Sint Maarten,Sint Maarten (Dutch part),Philipsburg,North America,ANG,Guilder,599,19,Americas,419.0,Latin America and the Caribbean,29,Caribbean,Part of NL,Developing,TRUE,N/A,N/A,21,37429
SK,SVK,703,LO,Slovakia,Slovakia,Bratislava,Europe,EUR,Euro,421,150,Europe,151.0,Eastern Europe,N/A,N/A,Independent,Developed,N/A,N/A,N/A,48845,5455000
SI,SVN,705,SI,Slovenia,Slovenia,Ljubljana,Europe,EUR,Euro,386,150,Europe,39.0,Southern Europe,N/A,N/A,Independent,Developed,N/A,N/A,N/A,20273,2007000
SB,SLB,90,BP,Solomon Islands,Solomon Islands,Honiara,Oceania,SBD,Dollar,677,9,Oceania,54.0,Melanesia,N/A,N/A,Independent,Developing,TRUE,N/A,TRUE,28450,559198
SO,SOM,706,SO,Somalia,Somalia,Mogadishu,Africa,SOS,Shilling,252,2,Africa,202.0,Sub-Saharan Africa,14,Eastern Africa,Independent,Developing,N/A,N/A,TRUE,637657,10112453
ZA,ZAF,710,SF,South Africa,South Africa,Pretoria,Africa,ZAR,Rand,27,2,Africa,202.0,Sub-Saharan Africa,18,Southern Africa,Independent,Developing,N/A,N/A,N/A,1219912,49000000
GS,SGS,239,SX,South Georgia and the South Sandwich Islands,South Georgia and the South Sandwich Islands,Grytviken,Antarctica,GBP,Pound,N/A,19,Americas,419.0,Latin America and the Caribbean,5,South America,Territory of GB,Developing,N/A,N/A,N/A,3903,30
KR,KOR,410,KS,South Korea,Republic of Korea,Seoul,Asia,KRW,Won,82,142,Asia,30.0,Eastern Asia,N/A,N/A,Independent,Developing,N/A,N/A,N/A,98480,48422644
SS,SSD,728,OD,South Sudan,South Sudan,Juba,Africa,SSP,Pound,211,2,Africa,202.0,Sub-Saharan Africa,14,Eastern Africa,Independent,Developing,N/A,TRUE,TRUE,644329,8260490
ES,ESP,724,SP,Spain,Spain,Madrid,Europe,EUR,Euro,34,150,Europe,39.0,Southern Europe,N/A,N/A,Independent,Developed,N/A,N/A,N/A,504782,46505963
LK,LKA,144,CE,Sri Lanka,Sri Lanka,Colombo,Asia,LKR,Rupee,94,142,Asia,34.0,Southern Asia,N/A,N/A,Independent,Developing,N/A,N/A,N/A,65610,21513990
SD,SDN,729,SU,Sudan,Sudan,Khartoum,Africa,SDG,Pound,249,2,Africa,15.0,Northern Africa,N/A,N/A,Independent,Developing,N/A,N/A,TRUE,1861484,35000000
SR,SUR,740,NS,Suriname,Suriname,Paramaribo,South America,SRD,Dollar,597,19,Americas,419.0,Latin America and the Caribbean,5,South America,Independent,Developing,TRUE,N/A,N/A,163270,492829
SJ,SJM,744,SV,Svalbard and Jan Mayen,Svalbard and Jan Mayen Islands,Longyearbyen,Europe,NOK,Krone,47,150,Europe,154.0,Northern Europe,N/A,N/A,Territory of NO,Developed,N/A,N/A,N/A,62049,2550
SZ,SWZ,748,WZ,Swaziland,Eswatini,Mbabane,Africa,SZL,Lilangeni,268,2,Africa,202.0,Sub-Saharan Africa,18,Southern Africa,Independent,Developing,N/A,TRUE,N/A,17363,1354051
SE,SWE,752,SW,Sweden,Sweden,Stockholm,Europe,SEK,Krona,46,150,Europe,154.0,Northern Europe,N/A,N/A,Independent,Developed,N/A,N/A,N/A,449964,9828655
CH,CHE,756,SZ,Switzerland,Switzerland,Bern,Europe,CHF,Franc,41,150,Europe,155.0,Western Europe,N/A,N/A,Independent,Developed,N/A,N/A,N/A,41290,7581000
SY,SYR,760,SY,Syria,Syrian Arab Republic,Damascus,Asia,SYP,Pound,963,142,Asia,145.0,Western Asia,N/A,N/A,Independent,Developing,N/A,N/A,N/A,185180,22198110
TW,TWN,158,TW,Taiwan,Republic of China,Taipei,Asia,TWD,Dollar,886,142,Asia,30.0,Eastern Asia,N/A,N/A,Independent,N/A,N/A,N/A,N/A,35980,22894384
TJ,TJK,762,TI,Tajikistan,Tajikistan,Dushanbe,Asia,TJS,Somoni,992,142,Asia,143.0,Central Asia,N/A,N/A,Independent,Developing,N/A,TRUE,N/A,143100,7487489
TZ,TZA,834,TZ,Tanzania,United Republic of Tanzania,Dodoma,Africa,TZS,Shilling,255,2,Africa,202.0,Sub-Saharan Africa,14,Eastern Africa,Independent,Developing,N/A,N/A,TRUE,945087,41892895
TH,THA,764,TH,Thailand,Thailand,Bangkok,Asia,THB,Baht,66,142,Asia,35.0,South-eastern Asia,N/A,N/A,Independent,Developing,N/A,N/A,N/A,514000,67089500
TL,TLS,626,TT,Timor Leste,Timor-Leste,Dili,Oceania,USD,Dollar,670,142,Asia,35.0,South-eastern Asia,N/A,N/A,Independent,Developing,TRUE,N/A,TRUE,15007,1154625
TG,TGO,768,TO,Togo,Togo,Lome,Africa,XOF,Franc,228,2,Africa,202.0,Sub-Saharan Africa,11,Western Africa,Independent,Developing,N/A,N/A,TRUE,56785,6587239
TK,TKL,772,TL,Tokelau,Tokelau,N/A,Oceania,NZD,Dollar,690,9,Oceania,61.0,Polynesia,N/A,N/A,Territory of NZ,Developing,N/A,N/A,N/A,10,1466
TO,TON,776,TN,Tonga,Tonga,Nuku'alofa,Oceania,TOP,Pa'anga,676,9,Oceania,61.0,Polynesia,N/A,N/A,Independent,Developing,TRUE,N/A,N/A,748,122580
TT,TTO,780,TD,Trinidad and Tobago,Trinidad and Tobago,Port of Spain,North America,TTD,Dollar,-867,19,Americas,419.0,Latin America and the Caribbean,29,Caribbean,Independent,Developing,TRUE,N/A,N/A,5128,1328019
TN,TUN,788,TS,Tunisia,Tunisia,Tunis,Africa,TND,Dinar,216,2,Africa,15.0,Northern Africa,N/A,N/A,Independent,Developing,N/A,N/A,N/A,163610,10589025
TR,TUR,792,TU,Turkey,Turkey,Ankara,Asia,TRY,Lira,90,142,Asia,145.0,Western Asia,N/A,N/A,Independent,Developing,N/A,N/A,N/A,780580,77804122
TM,TKM,795,TX,Turkmenistan,Turkmenistan,Ashgabat,Asia,TMT,Manat,993,142,Asia,143.0,Central Asia,N/A,N/A,Independent,Developing,N/A,TRUE,N/A,488100,4940916
TC,TCA,796,TK,Turks and Caicos Islands,Turks and Caicos Islands,Cockburn Town,North America,USD,Dollar,-648,19,Americas,419.0,Latin America and the Caribbean,29,Caribbean,Territory of GB,Developing,N/A,N/A,N/A,430,20556
TV,TUV,798,TV,Tuvalu,Tuvalu,Funafuti,Oceania,AUD,Dollar,688,9,Oceania,61.0,Polynesia,N/A,N/A,Independent,Developing,TRUE,N/A,TRUE,26,10472
VI,VIR,850,VQ,U.S. Virgin Islands,United States Virgin Islands,Charlotte Amalie,North America,USD,Dollar,-339,19,Americas,419.0,Latin America and the Caribbean,29,Caribbean,Territory of US,Developing,TRUE,N/A,N/A,352,108708
UG,UGA,800,UG,Uganda,Uganda,Kampala,Africa,UGX,Shilling,256,2,Africa,202.0,Sub-Saharan Africa,14,Eastern Africa,Independent,Developing,N/A,TRUE,TRUE,236040,33398682
UA,UKR,804,UP,Ukraine,Ukraine,Kyiv,Europe,UAH,Hryvnia,380,150,Europe,151.0,Eastern Europe,N/A,N/A,Independent,Developed,N/A,N/A,N/A,603700,45415596
AE,ARE,784,AE,United Arab Emirates,United Arab Emirates,Abu Dhabi,Asia,AED,Dirham,971,142,Asia,145.0,Western Asia,N/A,N/A,Independent,Developing,N/A,N/A,N/A,82880,4975593
GB,GBR,826,UK,United Kingdom,United Kingdom of Great Britain and Northern Ireland,London,Europe,GBP,Pound,44,150,Europe,154.0,Northern Europe,N/A,N/A,Independent,Developed,N/A,N/A,N/A,244820,62348447
US,USA,840,US,United States,United States of America,Washington,North America,USD,Dollar,1,19,Americas,21.0,Northern America,N/A,N/A,Independent,Developed,N/A,N/A,N/A,9629091,310232863
UM,UMI,581,N/A,United States Minor Outlying Islands,United States Minor Outlying Islands,N/A,Oceania,USD,Dollar ,1,9,Oceania,57.0,Micronesia,N/A,N/A,Territories of US,Developing,N/A,N/A,N/A,0,0
UY,URY,858,UY,Uruguay,Uruguay,Montevideo,South America,UYU,Peso,598,19,Americas,419.0,Latin America and the Caribbean,5,South America,Independent,Developing,N/A,N/A,N/A,176220,3477000
UZ,UZB,860,UZ,Uzbekistan,Uzbekistan,Tashkent,Asia,UZS,Som,998,142,Asia,143.0,Central Asia,N/A,N/A,Independent,Developing,N/A,TRUE,N/A,447400,27865738
VU,VUT,548,NH,Vanuatu,Vanuatu,Port Vila,Oceania,VUV,Vatu,678,9,Oceania,54.0,Melanesia,N/A,N/A,Independent,Developing,TRUE,N/A,TRUE,12200,221552
VA,VAT,336,VT,Vatican,Holy See,Vatican City,Europe,EUR,Euro,379,150,Europe,39.0,Southern Europe,N/A,N/A,Independent,Developed,N/A,N/A,N/A,0,921
VE,VEN,862,VE,Venezuela,Venezuela (Bolivarian Republic of),Caracas,South America,VES,Bolivar Soberano,58,19,Americas,419.0,Latin America and the Caribbean,5,South America,Independent,Developing,N/A,N/A,N/A,912050,27223228
VN,VNM,704,VM,Vietnam,Viet Nam,Hanoi,Asia,VND,Dong,84,142,Asia,35.0,South-eastern Asia,N/A,N/A,Independent,Developing,N/A,N/A,N/A,329560,89571130
WF,WLF,876,WF,Wallis and Futuna,Wallis and Futuna Islands,Mata Utu,Oceania,XPF,Franc,681,9,Oceania,61.0,Polynesia,N/A,N/A,Territory of FR,Developing,N/A,N/A,N/A,274,16025
EH,ESH,732,WI,Western Sahara,Western Sahara,El-Aaiun,Africa,MAD,Dirham,212,2,Africa,15.0,Northern Africa,N/A,N/A,In contention,Developing,N/A,N/A,N/A,266000,273008
YE,YEM,887,YM,Yemen,Yemen,Sanaa,Asia,YER,Rial,967,142,Asia,145.0,Western Asia,N/A,N/A,Independent,Developing,N/A,N/A,TRUE,527970,23495361
ZM,ZMB,894,ZA,Zambia,Zambia,Lusaka,Africa,ZMW,Kwacha,260,2,Africa,202.0,Sub-Saharan Africa,14,Eastern Africa,Independent,Developing,N/A,TRUE,TRUE,752614,13460305
ZW,ZWE,716,ZI,Zimbabwe,Zimbabwe,Harare,Africa,ZWL,Dollar,263,2,Africa,202.0,Sub-Saharan Africa,14,Eastern Africa,Independent,Developing,N/A,TRUE,N/A,390580,13061000
GB,GBR,900,UK,Scotland,Scotland,Edinburgh,Europe,GBP,British Pound,44,150,Europe,154.0,Northern Europe,N/A,N/A,Independent,Developed,FALSE,FALSE,FALSE,77933,5400000
GB,GBR,901,UK,England,England,London,Europe,GBP,British Pound,44,150,Europe,154.0,Northern Europe,N/A,N/A,Independent,Developed,FALSE,FALSE,FALSE,130279,56300000
GB,GBR,902,UK,Wales,Wales,Cardiff,Europe,GBP,British Pound,44,150,Europe,154.0,Northern Europe,N/A,N/A,Independent,Developed,FALSE,FALSE,FALSE,20779,3100000
GB,GBR,903,UK,Northern Ireland,Northern Ireland,Belfast,Europe,GBP,British Pound,44,150,Europe,154.0,Northern Europe,N/A,N/A,Independent,Developed,FALSE,FALSE,FALSE,14130,1900000
CS,CZE,904,EZ,Czechoslovakia,Czechoslovak Socialist Republic,Prague,Europe,CSK,Czechoslovak Koruna,42,150,Europe,151.0,Eastern Europe,N/A,N/A,Dissolved,Developed,FALSE,TRUE,FALSE,127900,15600000
GG,GGY,905,GU,Alderney,Alderney,St.Anne,Europe,GBP,British Pound,44,150,Europe,154.0,Northern Europe,N/A,N/A,Dependency of the United Kingdom,Developed,FALSE,FALSE,FALSE,46,2000
ES,ESP,906,SP,Catalonia,Generalitat de Catalunya (Government of Catalonia),Barcelona,Europe,EUR,Euro,34,150,Europe,151.0,Southern Europe,N/A,N/A,Autonomous Community of Spain,Developed,FALSE,FALSE,FALSE,32108,7700000
ES,ESP,907,SP,Basque Country,País Vasco,Vitoria-Gasteiz,Europe,EUR,Euro,34,150,Europe,151.0,Southern Europe,N/A,N/A,Autonomous Community of Spain,Developed,FALSE,FALSE,FALSE,7234,2200000
YU,YUG,908,YU,Yugoslavia,Socialist Federal Republic of Yugoslavia,Belgrade,Europe,YUD,Yugoslav dinar,38,150,Europe,151.0,Southern Europe,N/A,N/A,Former Socialist Republic,Developing,FALSE,TRUE,FALSE,255804,23000000
DE,DEU,909,GM,German Democratic Republic,Deutsche Demokratische Republik,East Berlin,Europe,DEM,Deutsche Mark,49,150,Europe,151.0,Western Europe,N/A,N/A,Former Socialist State of East Germany,Developed,FALSE,FALSE,FALSE,108333,16100000
TZ,TZA,910,TZ,Zanzibar,Zanzibar,Zanzibar City,Africa,TZS,Tanzanian Shilling,255,002,Africa,14.0,Eastern Africa,N/A,N/A,Autonomous region of Tanzania,Developing,TRUE,FALSE,FALSE,2654,1300000
PL,POL,911,PL,Silesia,Silesia,Wrocław,Europe,PLN,Polish Zloty,48,150,Europe,151.0,Central Europe,N/A,N/A,Historical Region,Developed,FALSE,FALSE,FALSE,40000,8000000
PF,PYF,912,FP,Tahiti,Tahiti,Papeete,Oceania,XPF,CFP Franc,689,009,Oceania,61.0,Polynesia,N/A,N/A,Overseas Collectivity of France,Developed,TRUE,FALSE,FALSE,1042,190000
UA,UKR,913,UP,Luhansk,Luhansk Oblast,Luhansk,Europe,UAH,Ukrainian Hryvnia,380,150,Eastern Europe,151.0,Eastern Europe,N/A,N/A,Disputed(Recognized as part of Ukraine),Developing,FALSE,FALSE,FALSE,26684,2100000
US,USA,914, US,Cascadia,Republic of Cascadia (Proposed),Portland (Unofficial),North America,USD/CAD,US Dollar / Canadian Dollar,1,003,North America,21.0,Northern America,N/A,N/A,Unrecognized (Part of USA & Canada),Developed,FALSE,FALSE,FALSE,1600000,16000000
VN,VNM,915,VM,North Vietnam,Democratic Republic of Vietnam,Hanoi,Asia,VND,Vietnamese đồng,84,035,Asia,35.0,South-Eastern Asia,N/A,N/A,No longer exists (Unified as Vietnam in 1976),Developing,FALSE,FALSE,TRUE,156000,23000000
NO,NOR,916,NO,Hitra,Hitra Municipality,Hitra,Europe,NOK,Norwegian Krone,47,154,Northern Europe,154.0,Northern Europe,N/A,N/A,Part of Norway,Developed,FALSE,FALSE,FALSE,680,5000
IT,ITA,917,IT,Padania,Padania (Northern Italy),Milan,Europe,EUR,Euro,39,039,Southern Europe,39.0,Southern Europe,N/A,N/A,Not officially recognized (Part of Italy),Developed,FALSE,FALSE,FALSE,120000,27000000
LK,LKA,918,CE,Tamil Eelam,Tamil Eelam (Proposed),Jaffna,Asia,LKR,Sri Lankan Rupee,94,034,Southern Asia,34.0,Southern Asia,N/A,N/A,Not officially recognized (Part of Sri Lanka),Developing,FALSE,FALSE,FALSE,18610,3000000
ES,ESP,919,SP,Galicia,Autonomous Community of Galicia,Santiago de Compostela,Europe,EUR,Euro,34,ES,Europe,151.0,Southern Europe,N/A,N/A,Autonomous Community of Spain,Developed,FALSE,FALSE,FALSE,29575,2700000
ES,ESP,920,SP,Andalusia,Autonomous Community of Andalusia,Seville,Europe,EUR,Euro,34,ES,Europe,151.0,Southern Europe,N/A,N/A,Autonomous Community of Spain,Developed,FALSE,FALSE,FALSE,87168,8500000
GB,GBR,921,GB,Kernow,Kernow,Cornwall,Europe,Pound,44,GB,Europe,150,N/A,N/A,N/A,N/A,Part of UK,Developed,FALSE,FALSE,FALSE,3563,568210
FR,FRA,922,FR,Provence,Region of Provence,Marseille,Europe,EUR,Euro,33,250,Europe,151.0,Southern Europe,N/A,N/A,Region of France,Developed,FALSE,FALSE,FALSE,31500,5000000
CL,CHL,923,CL-M,Region of Maule,Region of Maule,Talca,South America,CLP,Chilean Peso,56,CL,South America,85.0,South America,N/A,N/A,N/A,Developing,FALSE,FALSE,FALSE,30000,1100000
SY,SYR,924,SY,Arameans Suryoye,Assyrian and Syriac Communities,N/A,Asia,SYP,Syrian Pound,963,SY,Asia,145.0,Western Asia,N/A,N/A,Minority Group,Developing,FALSE,FALSE,FALSE,10000,500000
NO,NOR,925,NO,Frøya,Frøya,N/A,Europe,NOK,Norwegian Krone,47,NO,Europe,150.0,Scandinavia,N/A,N/A,Norwegian Municipality,Developed,FALSE,FALSE,FALSE,555,20000
AB,ABK,926,GG,Abkhazia,Republic of Abkhazia,Sukhumi,Asia,ABR,Abkhazian ruble,7,044,Eastern Europe,44.0,Caucasus,N/A,N/A,Partially recognized,Developing,FALSE,FALSE,FALSE,8666,240000
GB,GBR,927,GB,Cornwall,Kernow (Cornwall),Truro,Europe,GBP,Pound Sterling,44,GB,Western Europe,39.0,Southern Europe,N/A,N/A,Part of the United Kingdom,Developed,FALSE,FALSE,FALSE,3540,568000
AL,ALB,928,AL,Chameria,Chameria (Part of Albania and Greece),Tirana,Europe,ALL,Albanian Lek,355,AL,South Eastern Europe,39.0,Southern Europe,N/A,N/A,Part of Albania and Greece,Developing,FALSE,FALSE,FALSE,3000,200000
MT,MLT,929,MT,Gozo,Gozo (Part of Malta),Victoria,Europe,EUR,Euro,356,MT,Southern Europe,39.0,Southern Europe,N/A,N/A,Part of Malta,Developed,FALSE,FALSE,FALSE,67,34000
NG,NGA,930,NI,Biafra,Republic of Biafra (1967–1970),Enugu,Africa,NGN,Nigerian Naira,234,NG,Sub-Saharan Africa,11.0,Western Africa,N/A,N/A,Former state (now part of Nigeria),Developing,FALSE,FALSE,FALSE,77310,14000000
NG,NGA,931,NI,Yoruba Nation,Proposed Yoruba Nation,Ibadan,Africa,NGN,Nigerian Naira,234,NG,Sub-Saharan Africa,11.0,Western Africa,N/A,N/A,Not a recognized state,Developing,FALSE,FALSE,FALSE,142114,50000000
AZ,AZE,932,AJ,Artsakh,Republic of Artsakh (Nagorno-Karabakh),Stepanakert,Asia,AMD,Armenian Dram,374,142,Western Asia,145.0,Transcaucasia,N/A,N/A,Dissolved (now part of Azerbaijan),Developing,FALSE,TRUE,FALSE,11458,120000
FR,FRA,933,FR,County of Nice,Former County of Nice,Nice,Europe,EUR,Euro,33,155,Western Europe,39.0,Southern Europe,N/A,N/A,Part of France,Developed,FALSE,FALSE,FALSE,3200,1000000
IT,ITA,934,IT,Two Sicilies,Kingdom of the Two Sicilies,Naples,Europe,EUR,Euro,39,155,Western Europe,39.0,Southern Europe,N/A,N/A,Annexed by Italy in 1861,Developed,FALSE,FALSE,FALSE,111000,8000000
YD,YMD,935,YD,South Yemen,People's Democratic Republic of Yemen,Aden,Asia,YER,Yemeni Rial,967,142,Western Asia,145.0,Middle East,N/A,N/A,Merged with North Yemen in 1990,Developing,FALSE,FALSE,TRUE,332970,2500000
ZW,ZWE,936,ZI,Matabeleland,Matabeleland Region,Bulawayo,Africa,ZWL,Zimbabwean Dollar,263,002,Africa,18.0,Southern Africa,N/A,N/A,Part of Zimbabwe,Developing,FALSE,TRUE,FALSE,181000,2500000
FR,FRA,937,FR,Corsica,Region of Corsica,Ajaccio,Europe,EUR,Euro,33,250,Europe,151.0,Southern Europe,N/A,N/A,Region of France,Developed,FALSE,FALSE,FALSE,8680,340000
ID,IDN,938,ID-PW,West Papua,West Papua,Manokwari,Asia,IDR,Indonesian Rupiah,62,ID,Asia,120.0,Southeast Asia,N/A,N/A,Part of Indonesia,Developing,FALSE,FALSE,FALSE,102956,900000
SO,SOM,939,SO,Somaliland,Somaliland,Hargeisa,Africa,SOS,Somali Shilling,252,SO,Africa,112.0,Eastern Africa,N/A,N/A,Unrecognized State,Developing,FALSE,FALSE,FALSE,176120,3500000
GG,GGY,940,GG,Sark,Sark,Sark,Europe,GBP,British Pound,44,GB,Europe,150.0,Channel Islands,N/A,N/A,British Crown Dependency,Developed,FALSE,FALSE,FALSE,5,500
JP,KOR,941,JP,United Koreans in Japan,United Koreans in Japan,N/A,Asia,JPY,Yen,81,KR,Asia,157.0,Eastern Asia,N/A,N/A,Ethnic Minority in Japan,Developing,FALSE,FALSE,FALSE,10000,600000
SO,SOM,942,SO,Barawa,Barawa,Barawa,Africa,SOS,Somali Shilling,252,SO,Africa,113.0,Eastern Africa,N/A,N/A,City in Somalia,Developing,FALSE,FALSE,FALSE,150,100000
GB,GBR,943,GB,Isle of Wight,Isle of Wight,Newport,Europe,GBP,British Pound,44,GB,Europe,150.0,Great Britain,N/A,N/A,British County,Developed,FALSE,FALSE,FALSE,380,140000
CM,CMR,944,CM,Ambazonia,Ambazonia,Ambazonia,N/A,African CFA,XAF,Central African CFA,N/A,Africa,116.0,Central Africa,N/A,N/A,Self-declared State,Developing,FALSE,FALSE,FALSE,44000,4000000
UA,UKR,945,UA,Donetsk PR,Donetsk People's Republic,Donetsk,Europe,UAH,Ukrainian Hryvnia,380,UA,Europe,154.0,Eastern Europe,N/A,N/A,Self-declared State,Developing,FALSE,FALSE,FALSE,26000,2200000
FR,FRA,946,FR,Brittany,Bretagne,Rennais,Europe,EUR,Euro,33,FR,Europe,150.0,Western Europe,N/A,N/A,Cultural Region in France,Developed,FALSE,FALSE,FALSE,27000,5000000
HU,HUN,947,HU,Felvidék,Felvidék,Nitra,Europe,HUH,Hungarian Forint,36,HU,Europe,151.0,Central Europe,N/A,N/A,Cultural Region in Hungary,Developed,FALSE,FALSE,FALSE,40000,1200000
JP,OKI,948,JP,Ryūkyū,Ryūkyū Islands,Naha,Asia,JPY,Yen,81,JP,Asia,153.0,Eastern Asia,N/A,N/A,Historical Region in Japan,Developed,FALSE,FALSE,FALSE,2300,1500000
GB,GBR,949,GB,Yorkshire,Yorkshire,Leeds,Europe,GBP,British Pound,44,GB,Europe,150.0,Great Britain,N/A,N/A,Historic County,Developed,FALSE,FALSE,FALSE,11500,5000000
IT,ITA,950,IT,Cilento,Cilento,Salerno,Europe,EUR,Euro,39,IT,Europe,150.0,Southern Europe,N/A,N/A,Cultural Region in Italy,Developed,FALSE,FALSE,FALSE,2550,100000
MD,GGA,951,MD,Găgăuzia,Găgăuzia,Comrat,Europe,MDL,Moldovan Leu,373,MD,Europe,151.0,Eastern Europe,N/A,N/A,Autonomous Territorial Unit in Moldova,Developing,FALSE,FALSE,FALSE,1800,150000
GB,GBR,952,GB,Surrey,Surrey,Guildford,Europe,GBP,British Pound,44,GB,Europe,150.0,Great Britain,N/A,N/A,County in England,Developed,FALSE,FALSE,FALSE,1630,1200000
IT,ITA,953,IT,Elba Island,Isola d'Elba,Portoferraio,Europe,EUR,Euro,39,IT,Europe,150.0,Western Europe,N/A,N/A,Island in Italy,Developed,FALSE,FALSE,FALSE,224,30000
RO,ROM,954,RO,Romani people,Romani people,N/A,Europe,EUR,Euro,40,RO,Europe,151.0,Southeastern Europe,N/A,N/A,Ethnic Group,Developing,FALSE,FALSE,FALSE,250000,12000000
DE,DEU,955,DE,Republic of St. Pauli,Republic of St. Pauli,Hamburg,Europe,EUR,Euro,49,DE,Europe,151.0,Western Europe,N/A,N/A,Self-declared Micro-nation,Developed,FALSE,FALSE,FALSE,3,22000
SE,SWE,956,SE,Gotland,Gotland,Visby,Europe,SEK,Swedish Krona,46,SE,Europe,150.0,Scandinavia,N/A,N/A,Swedish County,Developed,FALSE,FALSE,FALSE,3140,60000
CN,TIB,957,CN,Tibet,Tibet,Lhasa,Asia,CNY,Yuan,86,CN,Asia,153.0,East Asia,N/A,N/A,Autonomous Region in China,Developing,FALSE,FALSE,FALSE,1200000,3000000
ES,ESP,958,ES,Menorca,Menorca,Mahón,Europe,EUR,Euro,34,ES,Europe,150.0,Southern Europe,N/A,N/A,Balearic Island,Developed,FALSE,FALSE,FALSE,702,95000
CH,CHE,959,CH,Raetia,Rhaetia,Coira,Europe,CHF,Swiss Franc,41,CH,Europe,155.0,Central Europe,N/A,N/A,Historical Region,Developed,FALSE,FALSE,FALSE,24000,400000
GB,GBR,960,GB,Shetland,Shetland Islands,The Lerwick,Europe,GBP,Pound Sterling,44,GB,Europe,150.0,Western Europe,N/A,N/A,Autonomous Region of Scotland,Developed,FALSE,FALSE,FALSE,1479,23000
LA,HMO,961,LA,Hmong,Hmong,No Capital,Asia,LAK,Laotian Kip,856,LA,Asia,153.0,East Asia,N/A,N/A,Ethnic Group,Developing,FALSE,FALSE,FALSE,500000,6000000
UA,UKR,962,UA,Kárpátalja,Subcarpathian Ruthenia,Uzhhorod,Europe,UAH,Hryvnia,380,UA,Europe,151.0,Eastern Europe,N/A,N/A,Historical Region,Developing,FALSE,FALSE,FALSE,12500,1500000
EE,EST,963,EE,Saare County,Saare County,Kuressaare,Europe,EUR,Euro,372,EE,Europe,151.0,Scandinavia,N/A,N/A,Estonian County,Developed,FALSE,FALSE,FALSE,2673,35000
ES,ESP,964,ES,Central Spain,Central Spain,Madrid,Europe,EUR,Euro,34,ES,Europe,151.0,Southern Europe,N/A,N/A,Geographical Area,Developed,FALSE,FALSE,FALSE,76000,10000000
RO,ROU,965,RO,Székely Land,Szeklerland,Miercurea Ciuc,Europe,RON,Romanian Leu,40,RO,Europe,151.0,Eastern Europe,N/A,N/A,Historical Region in Romania,Developed,FALSE,FALSE,FALSE,8000,700000
DZ,DZA,966,DZ,Kabylia,Kabylia,Tizi Ouzou,Africa,DZD,Dinar,213,DZ,Africa,153.0,North Africa,N/A,N/A,Cultural Region,Developing,FALSE,FALSE,FALSE,25000,5000000
RE,REU,967,FQ,Réunion,Réunion,Saint-Denis,Africa,EUR,Euro,262,FR,Africa,152.0,Indian Ocean Islands,N/A,N/A,Overseas Department of France,true,FALSE,FALSE,FALSE,2500,850000
SE,SWE,968,SE,Sápmi,Sápmi,Kiruna,Europe,SEK,Swedish Krona,46,SE,Europe,150.0,Scandinavia,N/A,N/A,Cultural Region,FALSE,FALSE,FALSE,FALSE,170000,100000
FR,FRA,969,FR,Saugeais,Saugeais,No Capital,Europe,EUR,Euro,33,FR,Europe,151.0,Western Europe,N/A,N/A,Historical Region,FALSE,FALSE,FALSE,FALSE,300,3000
CY,CYP,970,CY,Northern Cyprus,Turkish Republic of Northern Cyprus,North Nicosia,Asia,TRY,Turkish Lira,90,CY,Asia,153.0,Western Asia,N/A,N/A,Disputed Area,TRUE,FALSE,FALSE,FALSE,3355,300000
ES,ESP,971,ES,Canary Islands,Canary Islands,Las Palmas de Gran Canaria,Europe,EUR,Euro,34,ES,Europe,151.0,Southern Europe,N/A,N/A,Autonomous Community of Spain,TRUE,FALSE,FALSE,FALSE,7460,2100000
CH,CHE,972,CH,Ticino,Ticino,Lugano,Europe,CHF,Swiss Franc,41,CH,Europe,150.0,Central Europe,N/A,N/A,Swiss Canton,TRUE,FALSE,FALSE,FALSE,2812,350000
GR,GRC,973,GR,Rhodes,Rhodes,Rhodes,Europe,EUR,Euro,30,GR,Europe,151.0,Southern Europe,N/A,N/A,Greek Island,TRUE,FALSE,FALSE,FALSE,1400,115000
GB,GBR,974,GB,Orkney,Orkney,Kirkwall,Europe,GBP,British Pound,44,GB,Europe,151.0,Northern Europe,N/A,N/A,Council Area,TRUE,FALSE,FALSE,FALSE,990,22000
RU,RUS,975,RU,Chechnya,Chechnya,Grozny,Asia,RUB,Russian Ruble,7,RU,Asia,143.0,Caucasus,N/A,N/A,Republic of Russia,TRUE,FALSE,FALSE,FALSE,15000,1400000
BO,BOL,976,BO,Aymara,Aymara,La Paz,South America,BOB,Bolivian Boliviano,591,BO,South America,303.0,Andean States,N/A,N/A,Indigenous People,FALSE,FALSE,FALSE,FALSE,200000,2500000
ES,ESP,977,ES,Madrid,Madrid,Madrid,Europe,EUR,Euro,34,ES,Europe,151.0,Southern Europe,N/A,N/A,Capital of Spain,TRUE,FALSE,FALSE,FALSE,604,6600000
CN,CHN,978,CN,Manchuria,Manchuria,Harbin,Asia,CNY,Chinese Yuan,86,CN,Asia,152.0,East Asia,N/A,N/A,Historical Region,FALSE,FALSE,FALSE,FALSE,1200000,11000000
DE,DEU,979,DE,Franconia,Franconia,Nürnberg,Europe,EUR,Euro,49,DE,Europe,151.0,Western Europe,N/A,N/A,Cultural Region,FALSE,FALSE,FALSE,FALSE,25000,5000000
PS,PSE,980,PS,Palestine,State of Palestine,Ramallah,Asia,ILS,Israeli New Shekel,970,PS,Asia,143.0,Western Asia,N/A,N/A,Disputed Area,FALSE,TRUE,FALSE,FALSE,6020,5000000
DE,DEU,981,DE,Saarland,Saarland,Saarbrücken,Europe,EUR,Euro,49,DE,Europe,151.0,Western Europe,N/A,N/A,Federal State,TRUE,FALSE,FALSE,FALSE,2569,990000
GB,GBR,982,GB,Sealand,Principality of Sealand,Sealand,Europe,GBP,British Pound,44,GB,Europe,151.0,Northern Europe,N/A,N/A,Micronation,FALSE,FALSE,FALSE,FALSE,0,30
HU,HUN,983,HU,Délvidék,The Province of Vojvodina,Novi Sad,Europe,RSD,Serbian Dinar,381,HU,Europe,151.0,Southern Europe,N/A,N/A,Autonomous Province,FALSE,FALSE,FALSE,FALSE,21423,2000000
CL,CHL,984,CL,Mapuche,Mapuche People,Temuco,South America,CLP,Chilean Peso,56,CL,South America,503.0,Southern Cone,N/A,N/A,Indigenous People,FALSE,FALSE,FALSE,FALSE,99000,2000000
GB,GBR,985,GB,Western Isles,Outer Hebrides,Stornoway,Europe,GBP,British Pound,44,GB,Europe,151.0,Northern Europe,N/A,N/A,Council Area,TRUE,FALSE,FALSE,FALSE,3200,27000
EG,EGY,986,EG,United Arab Republic,United Arab Republic,Cairo,Africa,EGP,Egyptian Pound,20,EG,Africa,153.0,North Africa,N/A,N/A,Union (1958–1971),FALSE,TRUE,FALSE,FALSE,1000000,60000000
FR,FRA,987,FR,Occitania,Occitania,Toulouse,Europe,EUR,Euro,33,FR,Europe,151.0,Southern Europe,N/A,N/A,Cultural Region,FALSE,FALSE,FALSE,FALSE,100000,15000000
CN,CHN,988,CN,Manchukuo,State of Manchukuo,Changchun,Asia,CNY,Chinese Yuan,86,CN,Asia,152.0,East Asia,N/A,N/A,Japanese Puppet State,FALSE,FALSE,FALSE,FALSE,1100000,3500000
RU,RUS,989,RU,South Ossetia,Republic of South Ossetia,Tskhinvali,Europe,USD,United States Dollar,7,RU,Europe,151.0,Eastern Europe,N/A,N/A,Disputed Territory,FALSE,FALSE,FALSE,FALSE,3900,53000
IQ,IRQ,990,IQ,Iraqi Kurdistan,Kurdistan Region of Iraq,Erbil,Asia,IQD,Iraqi Dinar,964,IQ,Asia,145.0,Western Asia,N/A,N/A,Autonomous Region,TRUE,FALSE,FALSE,FALSE,40000,6000000
UA,UKR,991,UA,Crimea,Republic of Crimea,Simferopol,Europe,UAH,Ukrainian Hryvnia,380,UA,Europe,151.0,Eastern Europe,N/A,N/A,Disputed Territory,FALSE,FALSE,FALSE,FALSE,27000,2500000
AM,ARM,992,AM,Western Armenia,Western Armenia,Yerevan,Asia,AMD,Armenian Dram,374,AM,Asia,145.0,Western Asia,N/A,N/A,Cultural Region,FALSE,FALSE,FALSE,FALSE,27000,1000000
GB,GBR,993,GB,Ynys Môn,Isle of Anglesey,Anglesey,Europe,GBP,British Pound,44,GB,Europe,151.0,Northern Europe,N/A,N/A,County,TRUE,FALSE,FALSE,FALSE,714,70000
ES,ESP,994,ES,Asturias,Principality of Asturias,Oviedo,Europe,EUR,Euro,34,ES,Europe,151.0,Southern Europe,N/A,N/A,Autonomous Community,TRUE,FALSE,FALSE,FALSE,10603,1000000
IN,IND,995,IN,Panjab,Punjab,Chandigarh,Asia,INR,Indian Rupee,91,IN,Asia,146.0,South Asia,N/A,N/A,State,TRUE,FALSE,FALSE,FALSE,50362,28000000
IT,ITA,996,IT,Seborga,Principality of Seborga,Seborga,Europe,EUR,Euro,39,IT,Europe,151.0,Southern Europe,N/A,N/A,Micronation,FALSE,FALSE,FALSE,FALSE,4,300
SD,SDN,997,SD,Darfur,Darfur,El Fasher,Africa,SDG,Sudanese Pound,249,SD,Africa,142.0,East Africa,N/A,N/A,Region,TRUE,FALSE,FALSE,FALSE,493180,8000000
US,CSC,998,N/A,Cascadia,Cascadia,N/A,North America,USD,Dollar,1,019,Americas,21.0,Northern America,N/A,N/A,Unrecognized,Developed,FALSE,FALSE,FALSE,2500000,16000000
MA,MLS,999,N/A,Maule Sur,Maule Sur,N/A,South America,CLP,Peso,56,005,Americas,5.0,South America,N/A,N/A,Region of CL,Developing,FALSE,FALSE,FALSE,17000,1000000